{
  "created": 1713427531653,
  "description": "",
  "id": "1",
  "modified": 1713528440194,
  "owner": "Dair_admin",
  "tags": [],
  "thumbnail": null,
  "title": "Cuadro de mandos dinamico",
  "type": "Web Experience",
  "snippet": "",
  "typeKeywords": [
    "EXB Experience",
    "Ready To Use",
    "JavaScript",
    "status: Changed",
    "version:1.14.0"
  ],
  "portalUrl": "https://Dair.maps.arcgis.com",
  "username": "Dair_admin",
  "name": "Cuadro de mandos dinamico",
  "isLocalApp": true,
  "url": null
}